word	nodeType	synsetCount	unit
black	ADJ	22	ferris
silent	ADJ	6	ferris
ready	ADJ	8	ferris
aural	ADJ	2	ferris
old	ADJ	9	ferris
old	ADJ	9	ferris
old	ADJ	9	ferris
sadistic	ADJ	1	ferris
big	ADJ	17	ferris
silent	ADJ	6	ferris
tense	ADJ	8	ferris
open	ADJ	36	ferris
breathless	ADJ	3	ferris
worried	ADJ	8	ferris
wrong	ADJ	13	ferris
wrong	ADJ	13	ferris
close	ADJ	37	ferris
old	ADJ	9	ferris
open	ADJ	36	ferris
fat	ADJ	9	ferris
dry	ADJ	19	ferris
late	ADJ	11	ferris
early	ADJ	9	ferris
upper	ADJ	6	ferris
middle	ADJ	9	ferris
close	ADJ	37	ferris
lifeless	ADJ	4	ferris
cold	ADJ	16	ferris
clammy	ADJ	1	ferris
choked	ADJ	15	ferris
raspy	ADJ	1	ferris
fine	ADJ	10	ferris
good	ADJ	27	ferris
fruitful	ADJ	1	ferris
okay	ADJ	4	ferris
old	ADJ	9	ferris
cute	ADJ	2	ferris
major	ADJ	13	ferris
fine	ADJ	10	ferris
enough	ADJ	3	ferris
angry	ADJ	3	ferris
unfair	ADJ	1	ferris
upset	ADJ	17	ferris
thankful	ADJ	1	ferris
fit	ADJ	16	ferris
myocardial	ADJ	1	ferris
right	ADJ	36	ferris
syphilitic	ADJ	2	ferris
huge	ADJ	1	ferris
worried	ADJ	8	ferris
alright	ADJ	4	ferris
big	ADJ	17	ferris
okay	ADJ	4	ferris
nice	ADJ	6	ferris
such	ADJ	2	ferris
special	ADJ	10	ferris
pathetic	ADJ	3	ferris
well	ADJ	22	ferris
glassy	ADJ	3	ferris
sly	ADJ	1	ferris
little	ADJ	10	ferris
brilliant	ADJ	6	ferris
incredible	ADJ	1	ferris
bad	ADJ	17	ferris
beautiful	ADJ	2	ferris
clammy	ADJ	1	ferris
physical	ADJ	7	ferris
good	ADJ	27	ferris
non	ADJ	1	ferris
-	ADJ	0	ferris
specific	ADJ	6	ferris
pretty	ADJ	3	ferris
nervous	ADJ	5	ferris
bad	ADJ	17	ferris
new	ADJ	12	ferris
little	ADJ	10	ferris
stupid	ADJ	4	ferris
childish	ADJ	1	ferris
high	ADJ	18	ferris
right	ADJ	36	ferris
little	ADJ	10	ferris
ninth	ADJ	3	ferris
sick	ADJ	9	ferris
beautiful	ADJ	2	ferris
high	ADJ	18	ferris
pebbled	ADJ	0	ferris
european	ADJ	2	ferris
european	ADJ	2	ferris
european	ADJ	2	ferris
fascist	ADJ	2	ferris
different	ADJ	5	ferris
good	ADJ	27	ferris
first	ADJ	16	ferris
good	ADJ	27	ferris
political	ADJ	3	ferris
right	ADJ	36	ferris
drunk	ADJ	9	ferris
guilty	ADJ	2	ferris
careful	ADJ	5	ferris
old	ADJ	9	ferris
touchy	ADJ	2	ferris
old	ADJ	9	ferris
favorite	ADJ	5	ferris
old	ADJ	9	ferris
eighth	ADJ	3	ferris
serious	ADJ	6	ferris
bad	ADJ	17	ferris
only	ADJ	9	ferris
right	ADJ	36	ferris
dead	ADJ	21	ferris
complete	ADJ	10	ferris
sad	ADJ	3	ferris
old	ADJ	9	ferris
whole	ADJ	8	ferris
artificial	ADJ	3	ferris
dark	ADJ	16	ferris
wrong	ADJ	13	ferris
wrong	ADJ	13	ferris
specific	ADJ	6	ferris
aware	ADJ	2	ferris
conditioned	ADJ	7	ferris
kinda	ADJ	1	ferris
sure	ADJ	10	ferris
legit	ADJ	0	ferris
own	ADJ	2	ferris
different	ADJ	5	ferris
serious	ADJ	6	ferris
sick	ADJ	9	ferris
possible	ADJ	4	ferris
own	ADJ	2	ferris
great	ADJ	7	ferris
bored	ADJ	4	ferris
nervous	ADJ	5	ferris
whole	ADJ	8	ferris
easy	ADJ	15	ferris
loose	ADJ	18	ferris
young	ADJ	14	ferris
strong	ADJ	10	ferris
full	ADJ	13	ferris
rich	ADJ	13	ferris
sleek	ADJ	4	ferris
modern	ADJ	7	ferris
prime	ADJ	12	ferris
dark	ADJ	16	ferris
dreary	ADJ	2	ferris
sick	ADJ	9	ferris
high	ADJ	18	ferris
random	ADJ	1	ferris
weak	ADJ	12	ferris
little	ADJ	10	ferris
sick	ADJ	9	ferris
complete	ADJ	10	ferris
sorry	ADJ	4	ferris
good	ADJ	27	ferris
tight	ADJ	16	ferris
close	ADJ	37	ferris
little	ADJ	10	ferris
easy	ADJ	15	ferris
tight	ADJ	16	ferris
dirty	ADJ	13	ferris
yellow	ADJ	8	ferris
pristine	ADJ	2	ferris
last	ADJ	21	ferris
empty	ADJ	10	ferris
sick	ADJ	9	ferris
good	ADJ	27	ferris
last	ADJ	21	ferris
serious	ADJ	6	ferris
weary	ADJ	3	ferris
cheery	ADJ	1	ferris
big	ADJ	17	ferris
imaginary	ADJ	2	ferris
real	ADJ	13	ferris
nitrous	ADJ	1	ferris
rapid	ADJ	3	ferris
bumpy	ADJ	2	ferris
high	ADJ	18	ferris
petite	ADJ	2	ferris
pink	ADJ	7	ferris
pink	ADJ	7	ferris
blue	ADJ	16	ferris
crumpled	ADJ	5	ferris
damaging	ADJ	4	ferris
much	ADJ	7	ferris
gross	ADJ	10	ferris
wicked	ADJ	5	ferris
insensitive	ADJ	2	ferris
likely	ADJ	5	ferris
easy	ADJ	15	ferris
sticky	ADJ	5	ferris
stiff	ADJ	11	ferris
hard	ADJ	22	ferris
obvious	ADJ	1	ferris
mint	ADJ	8	ferris
single	ADJ	10	ferris
familiar	ADJ	7	ferris
blue	ADJ	16	ferris
dusty	ADJ	2	ferris
dirty	ADJ	13	ferris
matted	ADJ	4	ferris
crisp	ADJ	9	ferris
new	ADJ	12	ferris
modest	ADJ	7	ferris
small	ADJ	13	ferris
open	ADJ	36	ferris
light	ADJ	47	ferris
real	ADJ	13	ferris
suburban	ADJ	1	ferris
cute	ADJ	2	ferris
little	ADJ	10	ferris
real	ADJ	13	ferris
black	ADJ	22	ferris
realistic	ADJ	3	ferris
dead	ADJ	21	ferris
sorry	ADJ	4	ferris
high	ADJ	18	ferris
modern	ADJ	7	ferris
suburban	ADJ	1	ferris
high	ADJ	18	ferris
aware	ADJ	2	ferris
passing	ADJ	37	ferris
sick	ADJ	9	ferris
first	ADJ	16	ferris
aware	ADJ	2	ferris
exemplary	ADJ	3	ferris
dead	ADJ	21	ferris
tough	ADJ	12	ferris
clean	ADJ	31	ferris
short	ADJ	23	ferris
confident	ADJ	3	ferris
last	ADJ	21	ferris
mistaken	ADJ	4	ferris
absent	ADJ	4	ferris
bad	ADJ	17	ferris
ill	ADJ	9	ferris
prone	ADJ	2	ferris
sick	ADJ	9	ferris
throbbing	ADJ	6	ferris
passing	ADJ	37	ferris
sorry	ADJ	4	ferris
sorry	ADJ	4	ferris
sick	ADJ	9	ferris
sick	ADJ	9	ferris
whole	ADJ	8	ferris
sweet	ADJ	16	ferris
second	ADJ	15	ferris
second	ADJ	15	ferris
second	ADJ	15	ferris
third	ADJ	8	ferris
second	ADJ	15	ferris
third	ADJ	8	ferris
excited	ADJ	12	ferris
sure	ADJ	10	ferris
second	ADJ	15	ferris
serious	ADJ	6	ferris
upset	ADJ	17	ferris
hard	ADJ	22	ferris
bad	ADJ	17	ferris
long	ADJ	12	ferris
dangerous	ADJ	2	ferris
good	ADJ	27	ferris
bad	ADJ	17	ferris
last	ADJ	21	ferris
popular	ADJ	4	ferris
first	ADJ	16	ferris
impressed	ADJ	8	ferris
proud	ADJ	2	ferris
glorious	ADJ	3	ferris
late	ADJ	11	ferris
little	ADJ	10	ferris
new	ADJ	12	ferris
good	ADJ	27	ferris
serious	ADJ	6	ferris
bullshit	ADJ	2	ferris
sick	ADJ	9	ferris
good	ADJ	27	ferris
beautiful	ADJ	2	ferris
weary	ADJ	3	ferris
bad	ADJ	17	ferris
other	ADJ	4	ferris
second	ADJ	15	ferris
last	ADJ	21	ferris
nice	ADJ	6	ferris
miserable	ADJ	6	ferris
darn	ADJ	3	ferris
close	ADJ	37	ferris
rude	ADJ	5	ferris
worried	ADJ	8	ferris
second	ADJ	15	ferris
alright	ADJ	4	ferris
little	ADJ	10	ferris
great	ADJ	7	ferris
cool	ADJ	11	ferris
heavy	ADJ	30	ferris
least	ADJ	3	ferris
sick	ADJ	9	ferris
great	ADJ	7	ferris
sure	ADJ	10	ferris
busy	ADJ	6	ferris
dumb	ADJ	4	ferris
sick	ADJ	9	ferris
mammoth	ADJ	2	ferris
right	ADJ	36	ferris
hard	ADJ	22	ferris
right	ADJ	36	ferris
normal	ADJ	5	ferris
drunk	ADJ	9	ferris
catholic	ADJ	3	ferris
dumb	ADJ	4	ferris
abnormal	ADJ	3	ferris
sick	ADJ	9	ferris
headed	ADJ	13	ferris
disappointed	ADJ	2	ferris
heraldic	ADJ	2	ferris
good	ADJ	27	ferris
good	ADJ	27	ferris
only	ADJ	9	ferris
concerned	ADJ	5	ferris
critical	ADJ	7	ferris
strategic	ADJ	2	ferris
only	ADJ	9	ferris
strategic	ADJ	2	ferris
satisfied	ADJ	5	ferris
beautiful	ADJ	2	ferris
tweedy	ADJ	2	ferris
dry	ADJ	19	ferris
dusty	ADJ	2	ferris
obvious	ADJ	1	ferris
dead	ADJ	21	ferris
dead	ADJ	21	ferris
suspicious	ADJ	2	ferris
dead	ADJ	21	ferris
hard	ADJ	22	ferris
daytime	ADJ	1	ferris
startled	ADJ	3	ferris
annoyed	ADJ	3	ferris
bad	ADJ	17	ferris
obvious	ADJ	1	ferris
sure	ADJ	10	ferris
happy	ADJ	4	ferris
dead	ADJ	21	ferris
cold	ADJ	16	ferris
nervy	ADJ	3	ferris
litttle	ADJ	0	ferris
right	ADJ	36	ferris
other	ADJ	4	ferris
other	ADJ	4	ferris
other	ADJ	4	ferris
big	ADJ	17	ferris
old	ADJ	9	ferris
ugly	ADJ	4	ferris
angry	ADJ	3	ferris
second	ADJ	15	ferris
same	ADJ	6	ferris
sorry	ADJ	4	ferris
possible	ADJ	4	ferris
first	ADJ	16	ferris
deep	ADJ	21	ferris
phoney	ADJ	2	ferris
sorry	ADJ	4	ferris
embarrassed	ADJ	4	ferris
french	ADJ	5	ferris
sure	ADJ	10	ferris
clear	ADJ	45	ferris
goddamn	ADJ	3	ferris
well	ADJ	22	ferris
last	ADJ	21	ferris
scared	ADJ	4	ferris
shitless	ADJ	1	ferris
impossible	ADJ	4	ferris
great	ADJ	7	ferris
short	ADJ	23	ferris
sweet	ADJ	16	ferris
enthusiastic	ADJ	1	ferris
wrong	ADJ	13	ferris
suspicious	ADJ	2	ferris
deep	ADJ	21	ferris
few	ADJ	2	ferris
loud	ADJ	4	ferris
second	ADJ	15	ferris
stupid	ADJ	4	ferris
incredulous	ADJ	1	ferris
sick	ADJ	9	ferris
phoney	ADJ	2	ferris
nice	ADJ	6	ferris
sorry	ADJ	4	ferris
uncalled	ADJ	0	ferris
serious	ADJ	6	ferris
serious	ADJ	6	ferris
right	ADJ	36	ferris
small	ADJ	13	ferris
heraldic	ADJ	2	ferris
black	ADJ	22	ferris
erotic	ADJ	2	ferris
red	ADJ	7	ferris
ashen	ADJ	2	ferris
grim	ADJ	6	ferris
monotone	ADJ	4	ferris
Less	ADJ	5	ferris
more	ADJ	5	ferris
fine	ADJ	10	ferris
sorry	ADJ	4	ferris
real	ADJ	13	ferris
simple	ADJ	9	ferris
suspicious	ADJ	2	ferris
big	ADJ	17	ferris
proud	ADJ	2	ferris
distinctive	ADJ	2	ferris
sorry	ADJ	4	ferris
crazy	ADJ	6	ferris
perfect	ADJ	5	ferris
top	ADJ	22	ferris
obvious	ADJ	1	ferris
likely	ADJ	5	ferris
suspicious	ADJ	2	ferris
low	ADJ	16	ferris
close	ADJ	37	ferris
terrific	ADJ	3	ferris
old	ADJ	9	ferris
dear	ADJ	8	ferris
careful	ADJ	5	ferris
suspicious	ADJ	2	ferris
hasty	ADJ	2	ferris
great	ADJ	7	ferris
comfortable	ADJ	5	ferris
fabulous	ADJ	3	ferris
quick	ADJ	8	ferris
risky	ADJ	2	ferris
bold	ADJ	4	ferris
necessary	ADJ	3	ferris
good	ADJ	27	ferris
suburban	ADJ	1	ferris
fresh	ADJ	13	ferris
modern	ADJ	7	ferris
cocky	ADJ	1	ferris
confident	ADJ	3	ferris
open	ADJ	36	ferris
silver	ADJ	12	ferris
blue	ADJ	16	ferris
high	ADJ	18	ferris
high	ADJ	18	ferris
small	ADJ	13	ferris
solid	ADJ	18	ferris
blue	ADJ	16	ferris
little	ADJ	10	ferris
pooped	ADJ	0	ferris
other	ADJ	4	ferris
chipper	ADJ	1	ferris
polite	ADJ	3	ferris
slavic	ADJ	2	ferris
hearty	ADJ	5	ferris
latter	ADJ	2	ferris
excited	ADJ	12	ferris
thrilled	ADJ	5	ferris
aged	ADJ	9	ferris
bored	ADJ	4	ferris
sour	ADJ	11	ferris
puss	ADJ	4	ferris
teenage	ADJ	1	ferris
light	ADJ	47	ferris
local	ADJ	5	ferris
open	ADJ	36	ferris
adjacent	ADJ	3	ferris
ax	ADJ	3	ferris
mature	ADJ	11	ferris
additional	ADJ	1	ferris
aware	ADJ	2	ferris
proud	ADJ	2	ferris
baffled	ADJ	5	ferris
sick	ADJ	9	ferris
metallic	ADJ	3	ferris
mannequin	ADJ	2	ferris
mannequin	ADJ	2	ferris
stiff	ADJ	11	ferris
awful	ADJ	7	ferris
unable	ADJ	3	ferris
goddamn	ADJ	3	ferris
puzzled	ADJ	3	ferris
crazy	ADJ	6	ferris
good	ADJ	27	ferris
goddamn	ADJ	3	ferris
major	ADJ	13	ferris
new	ADJ	12	ferris
flabbergasted	ADJ	2	ferris
hey	ADJ	0	ferris
heartless	ADJ	2	ferris
large	ADJ	11	ferris
hourly	ADJ	2	ferris
extra	ADJ	7	ferris
special	ADJ	10	ferris
beautiful	ADJ	2	ferris
beautiful	ADJ	2	ferris
sure	ADJ	10	ferris
graphic	ADJ	6	ferris
right	ADJ	36	ferris
long	ADJ	12	ferris
skinny	ADJ	5	ferris
tall	ADJ	5	ferris
huge	ADJ	1	ferris
spirited	ADJ	5	ferris
dark	ADJ	16	ferris
soft	ADJ	20	ferris
taut	ADJ	2	ferris
open	ADJ	36	ferris
close	ADJ	37	ferris
like	ADJ	11	ferris
open	ADJ	36	ferris
original	ADJ	6	ferris
tall	ADJ	5	ferris
tall	ADJ	5	ferris
vantage	ADJ	2	ferris
personal	ADJ	6	ferris
good	ADJ	27	ferris
dizzying	ADJ	1	ferris
middle	ADJ	9	ferris
aged	ADJ	9	ferris
lean	ADJ	10	ferris
clean	ADJ	31	ferris
tough	ADJ	12	ferris
humorless	ADJ	1	ferris
puzzled	ADJ	3	ferris
underground	ADJ	6	ferris
giant	ADJ	8	ferris
round	ADJ	25	ferris
great	ADJ	7	ferris
big	ADJ	17	ferris
cutest	ADJ	11	ferris
annoyed	ADJ	3	ferris
giant	ADJ	8	ferris
old	ADJ	9	ferris
deep	ADJ	21	ferris
enriching	ADJ	2	ferris
true	ADJ	15	ferris
serious	ADJ	6	ferris
serious	ADJ	6	ferris
compatible	ADJ	3	ferris
young	ADJ	14	ferris
awkward	ADJ	6	ferris
only	ADJ	9	ferris
good	ADJ	27	ferris
married	ADJ	5	ferris
other	ADJ	4	ferris
right	ADJ	36	ferris
old	ADJ	9	ferris
natural	ADJ	13	ferris
other	ADJ	4	ferris
divorced	ADJ	3	ferris
right	ADJ	36	ferris
comfortable	ADJ	5	ferris
comfortable	ADJ	5	ferris
parental	ADJ	2	ferris
old	ADJ	9	ferris
fake	ADJ	8	ferris
cool	ADJ	11	ferris
good	ADJ	27	ferris
pure	ADJ	7	ferris
common	ADJ	10	ferris
cute	ADJ	2	ferris
charming	ADJ	6	ferris
cool	ADJ	11	ferris
crusty	ADJ	2	ferris
old	ADJ	9	ferris
sorry	ADJ	4	ferris
other	ADJ	4	ferris
frightening	ADJ	4	ferris
casual	ADJ	9	ferris
heavy	ADJ	30	ferris
french	ADJ	5	ferris
sorry	ADJ	4	ferris
busy	ADJ	6	ferris
well	ADJ	22	ferris
second	ADJ	15	ferris
impressed	ADJ	8	ferris
wonderful	ADJ	1	ferris
wonderful	ADJ	1	ferris
dear	ADJ	8	ferris
mean	ADJ	16	ferris
vicious	ADJ	4	ferris
sick	ADJ	9	ferris
little	ADJ	10	ferris
wicked	ADJ	5	ferris
cute	ADJ	2	ferris
established	ADJ	13	ferris
cute	ADJ	2	ferris
charming	ADJ	6	ferris
nice	ADJ	6	ferris
wonderful	ADJ	1	ferris
ignorant	ADJ	3	ferris
soon	ADJ	1	ferris
well	ADJ	22	ferris
polite	ADJ	3	ferris
considerate	ADJ	1	ferris
friendly	ADJ	5	ferris
fair	ADJ	17	ferris
good	ADJ	27	ferris
decent	ADJ	7	ferris
next	ADJ	4	ferris
exciting	ADJ	10	ferris
fat	ADJ	9	ferris
old	ADJ	9	ferris
happy	ADJ	4	ferris
flaming	ADJ	6	ferris
asshole	ADJ	2	ferris
old	ADJ	9	ferris
cool	ADJ	11	ferris
many	ADJ	1	ferris
only	ADJ	9	ferris
shit	ADJ	8	ferris
sick	ADJ	9	ferris
other	ADJ	4	ferris
bad	ADJ	17	ferris
absolute	ADJ	6	ferris
social	ADJ	7	ferris
other	ADJ	4	ferris
scary	ADJ	1	ferris
old	ADJ	9	ferris
good	ADJ	27	ferris
honest	ADJ	7	ferris
beefoid	ADJ	0	ferris
bad	ADJ	17	ferris
important	ADJ	5	ferris
thick	ADJ	13	ferris
colorless	ADJ	2	ferris
digestive	ADJ	2	ferris
famous	ADJ	1	ferris
other	ADJ	4	ferris
cold	ADJ	16	ferris
sure	ADJ	10	ferris
meek	ADJ	3	ferris
bold	ADJ	4	ferris
grand	ADJ	10	ferris
old	ADJ	9	ferris
overhead	ADJ	9	ferris
main	ADJ	5	ferris
second	ADJ	15	ferris
giant	ADJ	8	ferris
huge	ADJ	1	ferris
round	ADJ	25	ferris
giant	ADJ	8	ferris
human	ADJ	4	ferris
massive	ADJ	4	ferris
german	ADJ	3	ferris
first	ADJ	16	ferris
famous	ADJ	1	ferris
ninth	ADJ	3	ferris
tiny	ADJ	1	ferris
human	ADJ	4	ferris
blank	ADJ	8	ferris
long	ADJ	12	ferris
high	ADJ	18	ferris
fetid	ADJ	1	ferris
green	ADJ	14	ferris
worried	ADJ	8	ferris
nuclear	ADJ	4	ferris
beautiful	ADJ	2	ferris
scenic	ADJ	2	ferris
polluted	ADJ	2	ferris
nuclear	ADJ	4	ferris
raggy	ADJ	0	ferris
global	ADJ	2	ferris
major	ADJ	13	ferris
little	ADJ	10	ferris
big	ADJ	17	ferris
nuclear	ADJ	4	ferris
worried	ADJ	8	ferris
dramatic	ADJ	4	ferris
deadly	ADJ	8	ferris
serious	ADJ	6	ferris
nuclear	ADJ	4	ferris
dead	ADJ	21	ferris
real	ADJ	13	ferris
cold	ADJ	16	ferris
aft	ADJ	2	ferris
casual	ADJ	9	ferris
relaxed	ADJ	9	ferris
young	ADJ	14	ferris
full	ADJ	13	ferris
old	ADJ	9	ferris
full	ADJ	13	ferris
fatty	ADJ	2	ferris
spooky	ADJ	1	ferris
young	ADJ	14	ferris
frightening	ADJ	4	ferris
young	ADJ	14	ferris
chilling	ADJ	5	ferris
human	ADJ	4	ferris
well	ADJ	22	ferris
loud	ADJ	4	ferris
left	ADJ	24	ferris
interesting	ADJ	4	ferris
well	ADJ	22	ferris
lean	ADJ	10	ferris
obtuse	ADJ	4	ferris
nuclear	ADJ	4	ferris
small	ADJ	13	ferris
moral	ADJ	3	ferris
reprehensible	ADJ	1	ferris
own	ADJ	2	ferris
own	ADJ	2	ferris
cavalier	ADJ	3	ferris
outer	ADJ	13	ferris
weary	ADJ	3	ferris
sorry	ADJ	4	ferris
condescending	ADJ	5	ferris
personal	ADJ	6	ferris
green	ADJ	14	ferris
rowdy	ADJ	2	ferris
hot	ADJ	21	ferris
hot	ADJ	21	ferris
jammed	ADJ	8	ferris
suburban	ADJ	1	ferris
loud	ADJ	4	ferris
confusing	ADJ	7	ferris
young	ADJ	14	ferris
far	ADJ	10	ferris
long	ADJ	12	ferris
hot	ADJ	21	ferris
long	ADJ	12	ferris
foul	ADJ	16	ferris
foul	ADJ	16	ferris
little	ADJ	10	ferris
hot	ADJ	21	ferris
hot	ADJ	21	ferris
stinging	ADJ	7	ferris
sick	ADJ	9	ferris
bright	ADJ	11	ferris
high	ADJ	18	ferris
blue	ADJ	16	ferris
selfish	ADJ	1	ferris
little	ADJ	10	ferris
underway	ADJ	1	ferris
german	ADJ	3	ferris
american	ADJ	5	ferris
ferris	ADJ	0	ferris
homely	ADJ	4	ferris
german	ADJ	3	ferris
american	ADJ	5	ferris
hard	ADJ	22	ferris
worried	ADJ	8	ferris
few	ADJ	2	ferris
previous	ADJ	3	ferris
sure	ADJ	10	ferris
popular	ADJ	4	ferris
impossible	ADJ	4	ferris
bad	ADJ	17	ferris
grim	ADJ	6	ferris
true	ADJ	15	ferris
bad	ADJ	17	ferris
interested	ADJ	5	ferris
few	ADJ	2	ferris
other	ADJ	4	ferris
entire	ADJ	5	ferris
good	ADJ	27	ferris
good	ADJ	27	ferris
fine	ADJ	10	ferris
fine	ADJ	10	ferris
black	ADJ	22	ferris
maroon	ADJ	6	ferris
little	ADJ	10	ferris
old	ADJ	9	ferris
little	ADJ	10	ferris
angleic	ADJ	0	ferris
ready	ADJ	8	ferris
entire	ADJ	5	ferris
rousing	ADJ	7	ferris
wide	ADJ	11	ferris
high	ADJ	18	ferris
entire	ADJ	5	ferris
high	ADJ	18	ferris
grim	ADJ	6	ferris
gritty	ADJ	2	ferris
beautiful	ADJ	2	ferris
blue	ADJ	16	ferris
wide	ADJ	11	ferris
open	ADJ	36	ferris
closed	ADJ	26	ferris
big	ADJ	17	ferris
broad	ADJ	9	ferris
excited	ADJ	12	ferris
front	ADJ	13	ferris
front	ADJ	13	ferris
sorry	ADJ	4	ferris
ill	ADJ	9	ferris
afraid	ADJ	4	ferris
weakened	ADJ	10	ferris
nasty	ADJ	4	ferris
further	ADJ	11	ferris
nice	ADJ	6	ferris
pre	ADJ	0	ferris
-	ADJ	0	ferris
litany	ADJ	2	ferris
smart	ADJ	9	ferris
sorry	ADJ	4	ferris
ill	ADJ	9	ferris
afraid	ADJ	4	ferris
weakened	ADJ	10	ferris
suspicious	ADJ	2	ferris
black	ADJ	22	ferris
large	ADJ	11	ferris
nice	ADJ	6	ferris
large	ADJ	11	ferris
tassled	ADJ	0	ferris
garish	ADJ	1	ferris
deserted	ADJ	4	ferris
open	ADJ	36	ferris
embarrassed	ADJ	4	ferris
other	ADJ	4	ferris
schizophrenic	ADJ	3	ferris
amazing	ADJ	4	ferris
major	ADJ	13	ferris
false	ADJ	11	ferris
interested	ADJ	5	ferris
mammary	ADJ	1	ferris
little	ADJ	10	ferris
depressed	ADJ	8	ferris
true	ADJ	15	ferris
romantic	ADJ	5	ferris
terrible	ADJ	4	ferris
sappy	ADJ	2	ferris
empty	ADJ	10	ferris
blue	ADJ	16	ferris
first	ADJ	16	ferris
strange	ADJ	3	ferris
little	ADJ	10	ferris
bare	ADJ	13	ferris
orignal	ADJ	0	ferris
big	ADJ	17	ferris
dramatic	ADJ	4	ferris
lonesome	ADJ	2	ferris
familiar	ADJ	7	ferris
open	ADJ	36	ferris
fried	ADJ	4	ferris
open	ADJ	36	ferris
gigantic	ADJ	1	ferris
black	ADJ	22	ferris
furious	ADJ	3	ferris
other	ADJ	4	ferris
overall	ADJ	4	ferris
good	ADJ	27	ferris
american	ADJ	5	ferris
high	ADJ	18	ferris
late	ADJ	11	ferris
good	ADJ	27	ferris
giant	ADJ	8	ferris
cooked	ADJ	6	ferris
incredible	ADJ	1	ferris
modern	ADJ	7	ferris
major	ADJ	13	ferris
quizical	ADJ	0	ferris
frozen	ADJ	17	ferris
right	ADJ	36	ferris
frozen	ADJ	17	ferris
bored	ADJ	4	ferris
baffled	ADJ	5	ferris
front	ADJ	13	ferris
obscene	ADJ	3	ferris
sizzling	ADJ	5	ferris
small	ADJ	13	ferris
sick	ADJ	9	ferris
messed	ADJ	2	ferris
worthless	ADJ	2	ferris
few	ADJ	2	ferris
huge	ADJ	1	ferris
floral	ADJ	3	ferris
bloody	ADJ	4	ferris
sorry	ADJ	4	ferris
ill	ADJ	9	ferris
afraid	ADJ	4	ferris
nasty	ADJ	4	ferris
further	ADJ	11	ferris
little	ADJ	10	ferris
only	ADJ	9	ferris
nice	ADJ	6	ferris
more	ADJ	5	ferris
popular	ADJ	4	ferris
happy	ADJ	4	ferris
many	ADJ	1	ferris
human	ADJ	4	ferris
speedy	ADJ	2	ferris
sorry	ADJ	4	ferris
cool	ADJ	11	ferris
incredible	ADJ	1	ferris
massive	ADJ	4	ferris
thick	ADJ	13	ferris
steamy	ADJ	3	ferris
facinating	ADJ	0	ferris
excellent	ADJ	1	ferris
real	ADJ	13	ferris
several	ADJ	3	ferris
pleasant	ADJ	2	ferris
first	ADJ	16	ferris
weird	ADJ	3	ferris
used	ADJ	9	ferris
pissed	ADJ	3	ferris
whole	ADJ	8	ferris
much	ADJ	7	ferris
high	ADJ	18	ferris
long	ADJ	12	ferris
large	ADJ	11	ferris
unconscious	ADJ	4	ferris
ceramic	ADJ	2	ferris
broken	ADJ	72	ferris
great	ADJ	7	ferris
fleeting	ADJ	3	ferris
open	ADJ	36	ferris
front	ADJ	13	ferris
substantial	ADJ	5	ferris
flattered	ADJ	1	ferris
few	ADJ	2	ferris
last	ADJ	21	ferris
willing	ADJ	6	ferris
little	ADJ	10	ferris
little	ADJ	10	ferris
proud	ADJ	2	ferris
black	ADJ	22	ferris
good	ADJ	27	ferris
interesting	ADJ	4	ferris
other	ADJ	4	ferris
ferris	ADJ	0	ferris
curious	ADJ	3	ferris
cute	ADJ	2	ferris
cute	ADJ	2	ferris
fun	ADJ	4	ferris
puzzled	ADJ	3	ferris
male	ADJ	6	ferris
weird	ADJ	3	ferris
nice	ADJ	6	ferris
well	ADJ	22	ferris
cute	ADJ	2	ferris
alone	ADJ	6	ferris
protective	ADJ	3	ferris
bloody	ADJ	4	ferris
quick	ADJ	8	ferris
scorching	ADJ	7	ferris
frightening	ADJ	4	ferris
black	ADJ	22	ferris
top	ADJ	22	ferris
black	ADJ	22	ferris
stunning	ADJ	7	ferris
last	ADJ	21	ferris
next	ADJ	4	ferris
enough	ADJ	3	ferris
quick	ADJ	8	ferris
funny	ADJ	5	ferris
many	ADJ	1	ferris
many	ADJ	1	ferris
light	ADJ	47	ferris
thundering	ADJ	6	ferris
genuine	ADJ	3	ferris
okay	ADJ	4	ferris
mindless	ADJ	5	ferris
vacant	ADJ	2	ferris
okay	ADJ	4	ferris
wrong	ADJ	13	ferris
okay	ADJ	4	ferris
old	ADJ	9	ferris
fixable	ADJ	0	ferris
angry	ADJ	3	ferris
sorry	ADJ	4	ferris
last	ADJ	21	ferris
few	ADJ	2	ferris
front	ADJ	13	ferris
open	ADJ	36	ferris
open	ADJ	36	ferris
slack	ADJ	17	ferris
young	ADJ	14	ferris
floral	ADJ	3	ferris
more	ADJ	5	ferris
sexy	ADJ	2	ferris
well	ADJ	22	ferris
different	ADJ	5	ferris
top	ADJ	22	ferris
few	ADJ	2	ferris
more	ADJ	5	ferris
deep	ADJ	21	ferris
jammed	ADJ	8	ferris
silent	ADJ	6	ferris
empty	ADJ	10	ferris
skinny	ADJ	5	ferris
myopic	ADJ	2	ferris
real	ADJ	13	ferris
soft	ADJ	20	ferris
warm	ADJ	13	ferris
rotund	ADJ	3	ferris
quiet	ADJ	13	ferris
real	ADJ	13	ferris
little	ADJ	10	ferris
good	ADJ	27	ferris
other	ADJ	4	ferris
other	ADJ	4	ferris
big	ADJ	17	ferris
high	ADJ	18	ferris
serious	ADJ	6	ferris
teenage	ADJ	1	ferris
closed	ADJ	26	ferris
least	ADJ	3	ferris
first	ADJ	16	ferris
human	ADJ	4	ferris
good	ADJ	27	ferris
conventional	ADJ	7	ferris
near	ADJ	9	ferris
new	ADJ	12	ferris
bold	ADJ	4	ferris
wet	ADJ	9	ferris
wild	ADJ	17	ferris
catatonic	ADJ	1	ferris
nice	ADJ	6	ferris
other	ADJ	4	ferris
shitty	ADJ	1	ferris
red	ADJ	7	ferris
wrong	ADJ	13	ferris
sick	ADJ	9	ferris
catatonic	ADJ	1	ferris
lifeless	ADJ	4	ferris
closed	ADJ	26	ferris
lifeless	ADJ	4	ferris
other	ADJ	4	ferris
okay	ADJ	4	ferris
bewildered	ADJ	3	ferris
funny	ADJ	5	ferris
wooden	ADJ	2	ferris
wasted	ADJ	14	ferris
teenage	ADJ	1	ferris
long	ADJ	12	ferris
straight	ADJ	21	ferris
serious	ADJ	6	ferris
serious	ADJ	6	ferris
wrong	ADJ	13	ferris
cool	ADJ	11	ferris
phoney	ADJ	2	ferris
pissed	ADJ	3	ferris
little	ADJ	10	ferris
more	ADJ	5	ferris
little	ADJ	10	ferris
less	ADJ	5	ferris
bold	ADJ	4	ferris
right	ADJ	36	ferris
whole	ADJ	8	ferris
present	ADJ	18	ferris
naked	ADJ	5	ferris
naked	ADJ	5	ferris
only	ADJ	9	ferris
well	ADJ	22	ferris
generic	ADJ	5	ferris
generic	ADJ	5	ferris
good	ADJ	27	ferris
well	ADJ	22	ferris
cool	ADJ	11	ferris
good	ADJ	27	ferris
bad	ADJ	17	ferris
big	ADJ	17	ferris
u-2	ADJ	0	ferris
serious	ADJ	6	ferris
mighty	ADJ	2	ferris
blue	ADJ	16	ferris
unmanned	ADJ	2	ferris
placcid	ADJ	0	ferris
impending	ADJ	2	ferris
bewildered	ADJ	3	ferris
wooded	ADJ	1	ferris
brief	ADJ	6	ferris
proud	ADJ	2	ferris
bold	ADJ	4	ferris
quick	ADJ	8	ferris
proud	ADJ	2	ferris
puzzled	ADJ	3	ferris
okay	ADJ	4	ferris
interested	ADJ	5	ferris
impish	ADJ	1	ferris
cool	ADJ	11	ferris
loose	ADJ	18	ferris
juvenile	ADJ	3	ferris
good	ADJ	27	ferris
long	ADJ	12	ferris
juvenile	ADJ	3	ferris
little	ADJ	10	ferris
bewildered	ADJ	3	ferris
ill	ADJ	9	ferris
good	ADJ	27	ferris
sure	ADJ	10	ferris
hi	ADJ	2	ferris
young	ADJ	14	ferris
back	ADJ	28	ferris
great	ADJ	7	ferris
cool	ADJ	11	ferris
alright	ADJ	4	ferris
sure	ADJ	10	ferris
old	ADJ	9	ferris
okay	ADJ	4	ferris
worried	ADJ	8	ferris
smart	ADJ	9	ferris
loose	ADJ	18	ferris
huge	ADJ	1	ferris
other	ADJ	4	ferris
significant	ADJ	4	ferris
typewritten	ADJ	1	ferris
great	ADJ	7	ferris
worthy	ADJ	4	ferris
much	ADJ	7	ferris
front	ADJ	13	ferris
ferris	ADJ	0	ferris
other	ADJ	4	ferris
omnious	ADJ	0	ferris
key	ADJ	21	ferris
high	ADJ	18	ferris
alright	ADJ	4	ferris
sick	ADJ	9	ferris
sick	ADJ	9	ferris
dumbfounded	ADJ	2	ferris
huge	ADJ	1	ferris
dejected	ADJ	2	ferris
bewildered	ADJ	3	ferris
next	ADJ	4	ferris
new	ADJ	12	ferris
big	ADJ	17	ferris
little	ADJ	10	ferris
serious	ADJ	6	ferris
orange	ADJ	6	ferris
proud	ADJ	2	ferris
jammed	ADJ	8	ferris
floral	ADJ	3	ferris
sorry	ADJ	4	ferris
cool	ADJ	11	ferris
sickly	ADJ	2	ferris
cool	ADJ	11	ferris
cool	ADJ	11	ferris
same	ADJ	6	ferris
deathly	ADJ	3	ferris
gasp	ADJ	2	ferris
well	ADJ	22	ferris
deep	ADJ	21	ferris
well	ADJ	22	ferris
sick	ADJ	9	ferris
bad	ADJ	17	ferris
right	ADJ	36	ferris
right	ADJ	36	ferris
sweet	ADJ	16	ferris
hideous	ADJ	2	ferris
happy	ADJ	4	ferris
great	ADJ	7	ferris
big	ADJ	17	ferris
crazy	ADJ	6	ferris
pure	ADJ	7	ferris
big	ADJ	17	ferris
